"forms","pronunciation","translation_ru","category"
"το αβγό","то авгО","яйцо","еда и напитки"
"η αγάπη","и агАпи","любовь","чувства и характер"
"αγαπημένος; αγαπημένη; αγαπημένο","агапимЭнос; агапимЭни; агапимЭно","любимый, дорогой","прилагательные"
"η αγγελία","и ангэлИа","объявление, реклама","служебные слова"
"ο άγιος; η αγία","о Айос; и айИа","святой","семья и люди"
"η αγκαλιά","и ангальЯ","объятие, обнимашки","чувства и характер"
"αγνός; αγνή; αγνό","агнОс; агнИ; агнО","чистый, непорочный","прилагательные"
"άγνωστος; άγνωστη; άγνωστο","Агностос; Агности; Агносто","неизвестный, незнакомый","прилагательные"
"ο άγνωστος; η άγνωστη","о Агностос; и Агности","незнакомец, незнакомка","семья и люди"
"άγριος; άγρια; άγριο","Агрьос; Агрья; Агрьо","дикий","прилагательные"
"το άγχος","то Анхос","стресс, тревога, беспокойство","чувства и характер"
"ο αγώνας","о агОнас","матч, состязание","досуг и спорт"
"η αγωνία","и агонИа","тревога, беспокойство","чувства и характер"
"ο αέρας","о аЭрас","ветер, воздух","погода и природа"
"έχει αέρα","Эхи аЭра","ветрено","погода и природа"
"το αεροπορικό ταξίδι","то аэропорикО таксИди","перелёт, путешествие на самолёте","транспорт и путешествия"
"το άθλημα","то Атлима","вид спорта","досуг и спорт"
"αθλητικός; αθλητική; αθλητικό","атлитикОс; атлитикИ; атлитикО","спортивный","прилагательные"
"τα αθλητικά γεγονότα","та атлитикА йэгонОта","спортивные события","досуг и спорт"
"οι αθλητικοί αγώνες","и атлитикИ агОнэс","спортивные соревнования","досуг и спорт"
"η αίθουσα","и Этуса","класс, аудитория (в школе)","учёба"
"η αίθουσα","и Этуса","зал (кино, конференций, мероприятий)","город и направления"
"αισθάνομαι","эстАномэ","чувствовать, ощущать","глаголы"
"αισθηματικός; αισθηματική; αισθηματικό","эстиматикОс; эстиматикИ; эстиматикО","эмоциональный, сентиментальный","прилагательные"
"η αίτηση","и Этиси","заявление, анкета","служебные слова"
"η αιτία","и этИа","причина","служебные слова"
"ακολουθώ","аколутО","следовать","глаголы"
"ακόμη","акОми","ещё больше (о количестве)","служебные слова"
"ακόμη","акОми","ещё, пока (о времени)","служебные слова"
"η άκρη","и Акри","край, конец","служебные слова"
"ακριβός; ακριβή; ακριβό","акривОс; акривИ; акривО","дорогой (по цене)","прилагательные"
"ακριβώς","акривОс","точно, ровно","служебные слова"
"στις 10 ακριβώς","стис 10 акривОс","ровно в 10 (часов)","время"
"η ακτή","и актИ","пляж, побережье","город и направления"
"το αλεύρι","то алЭври","мука","еда и напитки"
"η αλήθεια","и алИтья","правда","служебные слова"
"αλήθεια","алИтья","правда, действительно (наречие)","служебные слова"
"αληθινά","алитинА","действительно, по-настоящему","служебные слова"
"Αληθώς Ανέστη!","алитОс анЭсти!","Воистину воскрес! (пасхальный ответ)","приветствия"
"αλλιώς","альОс","иначе, по-другому","служебные слова"
"η αλλαγή","и алайИ","изменение, перемена","служебные слова"
"αλλάζω","алАзо","менять, изменять","глаголы"
"άλλος; άλλη; άλλο","Алос; Али; Ало","другой","прилагательные"
"αμέσως","амЭсос","сразу же, немедленно","служебные слова"
"το αμύγδαλο","то амИгдало","миндаль","еда и напитки"
"η ανάγκη","и анАнги","необходимость, нужда","служебные слова"
"ανακατεύω","анакатЭво","смешивать","глаголы"
"η ανακύκλωση","и анакИклоси","переработка отходов","служебные слова"
"η ανάληψη χρημάτων","и анАлипси хримАтон","снятие денег","покупки и деньги"
"ανάλογα","анАлога","в зависимости от","служебные слова"
"αναπαυτικά","анапафтикА","удобно, комфортно","служебные слова"
"η αναπνοή","и анапноИ","дыхание","тело и здоровье"
"ανατολικός; ανατολική; ανατολικό","анатоликОс; анатоликИ; анатоликО","восточный","прилагательные"
"το αναψυκτικό","то анапсиктикО","прохладительный напиток","еда и напитки"
"ανεβαίνει μια θεατρική παράσταση","анэвЭни мья тэатрикИ парАстаси","ставится спектакль","досуг и спорт"
"ο άνθρωπος","о Антропос","человек","семья и люди"
"ο ανιψιός","о анипсьОс","племянник","семья и люди"
"η ανιψιά","и анипсьЯ","племянница","семья и люди"
"ανακατεμένος; ανακατεμένη; ανακατεμένο","анакатэмЭнос; анакатэмЭни; анакатэмЭно","смешанный","прилагательные"
"η άνεση","и Анэси","комфорт, удобство","служебные слова"
"το αξεσουάρ","то аксэсуАр","аксессуар","одежда"
"το αξιοθέατο","то аксьотЭато","достопримечательность","город и направления"
"ανοιχτός; ανοιχτή; ανοιχτό","анихтОс; анихтИ; анихтО","открытый","прилагательные"
"αντίθετος; αντίθετη; αντίθετο","андИтэтос; андИтэти; андИтэто","противоположный","прилагательные"
"το αντικείμενο","то андикИмэно","предмет, вещь","служебные слова"
"αντρικός; αντρική; αντρικό","андрикОс; андрикИ; андрикО","мужской","прилагательные"
"απαραίτητος; απαραίτητη; απαραίτητο","апарЭтитос; апарЭтити; апарЭтито","необходимый, обязательный","прилагательные"
"απέναντι","апЭнанди","напротив, через дорогу","город и направления"
"απλός; απλή; απλό","аплОс; аплИ; аплО","простой","прилагательные"
"το απλό εισιτήριο","то аплО иситИрьо","билет в один конец","транспорт и путешествия"
"απλώνω","аплОно","расстилать, развешивать (бельё)","глаголы"
"από μέσα/έξω","апО мЭса/Эксо","изнутри/снаружи","служебные слова"
"από τότε","апО тОтэ","с тех пор","служебные слова"
"απογευματινός; απογευματινή; απογευματινό","апойэвматинОс; апойэвматинИ; апойэвматинО","дневной, вечерний (после полудня)","прилагательные"
"η αποθήκη","и апотИки","кладовка, склад","дом"
"αποκτώ","апоктО","приобретать, получать","глаголы"
"οι Απόκριες","и апОкрьэс","греческий карнавал (масленица)","время"
"το αποτέλεσμα","то апотЭлэсма","результат","служебные слова"
"η απόφαση","и апОфаси","решение","служебные слова"
"αποφασίζω","апофасИзо","решать, принимать решение","глаголы"
"το απορρυπαντικό","то апорипандикО","моющее средство","дом"
"αργώ","аргО","опаздывать","глаголы"
"μου αρέσει","му арЭси","мне нравится","глаголы"
"το άρθρο","то Артро","статья; артикль","учёба"
"ο αριθμός","о аритмОс","номер, число","числа"
"αρκετός; αρκετή; αρκετό","аркэтОс; аркэтИ; аркэтО","достаточный","прилагательные"
"αρνητικά","арнитикА","отрицательно","служебные слова"
"το αρνί","то арнИ","ягнёнок, баранина","еда и напитки"
"τα αρχαία ελληνικά","та архЭа элиникА","древнегреческий язык (школьный предмет)","учёба"
"η αρχαιότητα","и архэОтита","древность, античность","учёба"
"η αρχή","и архИ","начало","служебные слова"
"ο αρχιτέκτονας; η αρχιτέκτονας","о архитЭктонас; и архитЭктонас","архитектор","работа и профессии"
"αρχίζω","архИзо","начинать","глаголы"
"το ασανσέρ","то асансЭр","лифт","дом"
"ο ασθενής άνεμος","о астэнИс Анэмос","слабый ветер","погода и природа"
"η άσκηση","и Аскиси","упражнение, задание","учёба"
"άσπρος; άσπρη; άσπρο","Аспрос; Аспри; Аспро","белый","цвета"
"αστείος; αστεία; αστείο","астИос; астИа; астИо","смешной, забавный","прилагательные"
"αστράφτω","астрАфто","сверкать, блестеть","глаголы"
"αστράφτει","астрАфти","сверкает молния","погода и природа"
"η αστυνομία","и астиномИа","полиция","работа и профессии"
"η ασφάλεια","и асфАлья","безопасность, страховка","служебные слова"
"άσχημα","Асхима","плохо","служебные слова"
"ΑΤΜ (Αυτόματο Μηχάνημα Ανάληψης Μετρητών)","эй ти эм","банкомат","покупки и деньги"
"το άτομο","то Атомо","человек, личность","семья и люди"
"η ατυχία","и атихИа","неудача, невезение","служебные слова"
"η αυλή","и авлИ","двор","дом"
"το αφεντικό","то афэндикО","начальник, босс","работа и профессии"
"η αφετηρία","и афэтирИа","начало, отправная точка","служебные слова"
"η αφετηρία λεωφορείου","и афэтирИа лэофорИу","начальная остановка автобуса","транспорт и путешествия"
"αφήνω","афИно","оставлять, отпускать","глаголы"
"η αφίσα","и афИса","афиша, постер","досуг и спорт"
"ας","ас","давай(те) (побудительная частица)","служебные слова"
"βάζω βάρος","вАзо вАрос","набирать вес","тело и здоровье"
"ο βαθμός","о ватмОс","оценка, степень","учёба"
"η βαλίτσα","и валИца","чемодан","транспорт и путешествия"
"το βαμβάκι","то вамвАки","хлопок","одежда"
"η βάση","и вАси","основа, база","служебные слова"
"βασικός; βασική; βασικό","васикОс; васикИ; васикО","основной, базовый","прилагательные"
"ο βασιλικός","о василикОс","базилик","еда и напитки"
"βάφω","вАфо","красить","глаголы"
"η βάφτιση","и вАфтиси","крещение","семья и люди"
"η βδομάδα","и вдомАда","неделя","время"
"βέβαια","вЭвэа","конечно, разумеется","служебные слова"
"βεβαιώνω","вэвэОно","подтверждать","глаголы"
"το βήμα","то вИма","шаг","служебные слова"
"το βιβλιάριο τράπεζας","то вивльАрьо трАпэзас","банковская сберкнижка","покупки и деньги"
"η βιβλιοθήκη","и вивльотИки","книжный шкаф","дом"
"η βιβλιοθήκη","и вивльотИки","библиотека (помещение)","город и направления"
"το βιβλιοπωλείο","то вивльополИо","книжный магазин","город и направления"
"το βιογραφικό","то вьографикО","резюме (CV)","работа и профессии"
"η βοήθεια","и воИтья","помощь","служебные слова"
"η βόλτα","и вОлта","прогулка","досуг и спорт"
"κάνω βόλτα","кАно вОлта","гулять, прогуливаться","досуг и спорт"
"βόρειος; βόρεια; βόρειο","вОрьос; вОрья; вОрьо","северный","прилагательные"
"το βραδινό","то врадинО","ужин","еда и напитки"
"η βραδιά","и врадьЯ","вечер, ночь (событие)","время"
"βράζω","врАзо","кипятить, варить","глаголы"
"βραστός; βραστή; βραστό","врастОс; врастИ; врастО","варёный","прилагательные"
"ο βρεφονηπιακός σταθμός","о врэфонипьакОс статмОс","ясли, детский сад","учёба"
"βρέχει","врЭхи","идёт дождь","погода и природа"
"βρέχομαι","врЭхомэ","промокать","глаголы"
"βρίσκομαι","врИскомэ","находиться","глаголы"
"η βρομιά","и вромьЯ","грязь","дом"
"ο βυθός","о витОс","морское дно","погода и природа"
"η γάζα","и гАза","марля, бинт","тело и здоровье"
"γαλακτοκομικός; γαλακτοκομική; γαλακτοκομικό","галактокомикОс; галактокомикИ; галактокомикО","молочный (продукт)","еда и напитки"
"η γαλλική γλώσσα","и галикИ глОса","французский язык","учёба"
"γαλλικός; γαλλική; γαλλικό","галикОс; галикИ; галикО","французский","прилагательные"
"ο γάμος","о гАмос","свадьба, брак","семья и люди"
"το γαρίφαλο","то гарИфало","гвоздика (цветок)","погода и природа"
"γεια","я","привет","приветствия"
"γεμίζω","йэмИзо","наполнять","глаголы"
"γεννάω; γεννώ","йэнАо; йэнО","рожать","глаголы"
"η γέννηση","и йЭниси","рождение","семья и люди"
"τα γενέθλια","та йэнЭтлья","день рождения","время"
"γερμανικός; γερμανική; γερμανικό","йэрманикОс; йэрманикИ; йэрманикО","немецкий","прилагательные"
"γερά","йэрА","крепко, сильно","служебные слова"
"γερός; γερή; γερό","йэрОс; йэрИ; йэрО","крепкий, здоровый, сильный","прилагательные"
"το γεύμα","то йЭвма","приём пищи, обед","еда и напитки"
"η γεύση","и йЭфси","вкус","еда и напитки"
"το γήπεδο","то йИпэдо","спортивная площадка, стадион","досуг и спорт"
"γι' αυτό","йи' афтО","поэтому","служебные слова"
"ο γιαλός","о ялОс","берег, побережье","город и направления"
"γίνομαι","йИномэ","становиться","глаголы"
"γιορτάζω","йортАзо","праздновать","глаголы"
"η γιορτή","и йортИ","праздник","время"
"το γκαράζ","то гарАз","гараж","дом"
"το γλέντι","то глЭнди","гулянье, весёлая вечеринка","досуг и спорт"
"γλυκός; γλυκιά; γλυκό","гликОс; гликьЯ; гликО","сладкий; милый (перен.)","прилагательные"
"η γνώμη","и гнОми","мнение","служебные слова"
"η μητρική γλώσσα","и митрикИ глОса","родной язык","учёба"
"γνωρίζω","гнорИзо","знать, быть знакомым","глаголы"
"η γνωριμία","и гноримИа","знакомство","семья и люди"
"η γνώση","и гнОси","знание","учёба"
"γνωστός; γνωστή; γνωστό","гностОс; гностИ; гностО","известный, знакомый","прилагательные"
"οι γονείς","и гонИс","родители","семья и люди"
"γοργός; γοργή; γοργό","горгОс; горйИ; горгО","быстрый, стремительный","прилагательные"
"το γράμμα","то грАма","письмо","служебные слова"
"ο γραμματέας; η γραμματέας","о граматЭас; и граматЭас","секретарь","работа и профессии"
"η γραμματική","и граматикИ","грамматика","учёба"
"το γραμματοκιβώτιο","то граматокивОтьо","почтовый ящик","дом"
"το γραμματόσημο","то граматОсимо","почтовая марка","служебные слова"
"η γραμμή","и грамИ","линия","служебные слова"
"γραπτός; γραπτή; γραπτό","граптОс; граптИ; граптО","письменный","прилагательные"
"γρήγορα","грИгора","быстро","служебные слова"
"η γρίπη","и грИпи","грипп","тело и здоровье"
"το γυαλί","то йиалИ","стекло","дом"
"τα γυαλιά ηλίου","та йиальЯ илИу","солнцезащитные очки","одежда"
"το Γυμνάσιο","то йимнАсьо","гимназия (средняя школа)","учёба"
"ο γυμναστής; η γυμνάστρια","о йимнастИс; и йимнАстрья","тренер, инструктор по фитнесу","работа и профессии"
"το γυμναστήριο","то йимнастИрьо","спортзал","досуг и спорт"
"η γυμναστική","и йимнастикИ","физкультура, гимнастика","досуг и спорт"
"γυρίζω; γυρνάω","йирИзо; йирнАо","возвращаться","глаголы"
"γύρω","йИро","вокруг","служебные слова"
"δείχνω","дИхно","показывать","глаголы"
"δεκαεννιά","дэкаэньЯ","девятнадцать","числа"
"δεκατέσσερις; δεκατέσσερα","дэкатЭсэрис; дэкатЭсэра","четырнадцать","числа"
"δέκατος; δέκατη; δέκατο","дЭкатос; дЭкати; дЭкато","десятый","числа"
"δεκατρείς; δεκατρία","дэкатрИс; дэкатрИа","тринадцать","числа"
"ΔΕΗ (Δημόσια Επιχείρηση Ηλεκτρισμού)","дэИ","Государственная энергетическая компания Греции","служебные слова"
"δερμάτινος; δερμάτινη; δερμάτινο","дэрмАтинос; дэрмАтини; дэрмАтино","кожаный","прилагательные"
"δηλαδή","диладИ","то есть","служебные слова"
"το Δημαρχείο","то димархИо","мэрия, ратуша","город и направления"
"ο δήμαρχος; η δήμαρχος","о дИмархос; и дИмархос","мэр","работа и профессии"
"τα δημητριακά","та димитрьакА","злаковые, хлопья","еда и напитки"
"ο δήμος","о дИмос","муниципалитет","город и направления"
"το Δημοτικό σχολείο","то димотикО схолИо","начальная школа","учёба"
"δημόσιος; δημόσια; δημόσιο","димОсьос; димОсья; димОсьо","государственный, публичный","прилагательные"
"ο δημοσιογράφος; η δημοσιογράφος","о димосьогрАфос; и димосьогрАфос","журналист","работа и профессии"
"δημοτικός; δημοτική; δημοτικό","димотикОс; димотикИ; димотикО","муниципальный","прилагательные"
"δηλητηριάζω","дилитирьАзо","отравлять","глаголы"
"η δηλητηρίαση","и дилитирИаси","отравление","тело и здоровье"
"δηλώνω","дилОно","заявлять, декларировать","глаголы"
"το διάβασμα","то дьАвасма","чтение, учёба (дома)","учёба"
"διαγράφω","дьагрАфо","удалять, стирать","глаголы"
"το διαγώνισμα","то дьагОнисма","контрольная работа","учёба"
"διαγώνια","дьагОнья","по диагонали","служебные слова"
"διαδοχικός; διαδοχική; διαδοχικό","дьадохикОс; дьадохикИ; дьадохикО","последовательный","прилагательные"
"διαδοχικά","дьадохикА","последовательно, подряд","служебные слова"
"η διαδρομή","и дьадромИ","маршрут, путь","транспорт и путешествия"
"η διαδικασία","и дьадикасИа","процесс, процедура","служебные слова"
"το διαδίκτυο","то дьадИктио","интернет","служебные слова"
"η διάθεση","и дьАтэси","настроение","чувства и характер"
"η δίαιτα","и дИэта","диета","тело и здоровье"
"πηγαίνω διακοπές","пигЭно дьакопЭс","ехать в отпуск","транспорт и путешествия"
"διαλέγω","дьалЭго","выбирать","глаголы"
"το διάλειμμα","то дьАлима","перемена, перерыв","учёба"
"ο διάλογος","о дьАлогос","диалог","учёба"
"το διαμέρισμα","то дьамЭрисма","квартира","дом"
"η διάρκεια","и дьАркья","длительность, продолжительность","служебные слова"
"διαρκώ","дьаркО","длиться","глаголы"
"διάσημος; διάσημη; διάσημο","дьАсимос; дьАсими; дьАсимо","знаменитый, известный","прилагательные"
"η διασκέδαση","и дьаскЭдаси","развлечение, веселье","досуг и спорт"
"Καλή διασκέδαση!","калИ дьаскЭдаси!","Приятного веселья! Развлекайтесь!","приветствия"
"το διάστημα","то дьАстима","промежуток времени, период","время"
"το διάστημα","то дьАстима","космос","служебные слова"
"η διατροφή","и дьатрофИ","питание, диета","еда и напитки"
"η διατροφή","и дьатрофИ","алименты","семья и люди"
"διαφημίζω","дьафимИзо","рекламировать","глаголы"
"η διαφήμιση","и дьафИмиси","реклама","служебные слова"
"διαφημιστικός; διαφημιστική; διαφημιστικό","дьафимистикОс; дьафимистикИ; дьафимистикО","рекламный","прилагательные"
"η διαφορά","и дьафорА","разница","служебные слова"
"διαφορετικά","дьафорэтикА","по-другому, иначе","служебные слова"
"διάφορος; διάφορη; διάφορο","дьАфорос; дьАфори; дьАфоро","разный, различный","прилагательные"
"διαφωνώ","дьафонО","не соглашаться, спорить","глаголы"
"το δίκλινο δωμάτιο","то дИклино домАтьо","двухместный номер","транспорт и путешествия"
"διπλανός; διπλανή; διπλανό","дипланОс; дипланИ; дипланО","соседний","прилагательные"
"διπλός; διπλή; διπλό","диплОс; диплИ; диплО","двойной","прилагательные"
"διορθώνω","дьортОно","исправлять","глаголы"
"δίνομαι","дИномэ","даваться, быть данным","глаголы"
"ΔΟΥ (Δημόσια Οικονομική Υπηρεσία)","ду","налоговая инспекция","служебные слова"
"οι δουλειές σπιτιού","и дульЭс спитьУ","домашние дела, хлопоты по дому","дом"
"δραματικός; δραματική; δραματικό","драматикОс; драматикИ; драматикО","драматический","прилагательные"
"η δραματική ταινία","и драматикИ тэнИа","драма (фильм)","досуг и спорт"
"η δραστηριότητα","и драстирьОтита","деятельность, активность","служебные слова"
"το δρομολόγιο","то дромолОйо","расписание (автобуса, поезда)","транспорт и путешествия"
"το δυάρι","то диАри","двухкомнатная квартира","дом"
"δυνατά","динатА","сильно (в целом)","служебные слова"
"δυνατά","динатА","громко","служебные слова"
"η δυνατότητα","и динатОтита","возможность, потенциал","служебные слова"
"δύο φορές","дИо форЭс","дважды","числа"
"και οι δύο","кэ и дИо","оба","числа"
"δύσκολα","дИскола","с трудом, едва","служебные слова"
"η δυσκολία","и дисколИа","трудность","служебные слова"
"δυστυχώς","дистихОс","к сожалению","служебные слова"
"δωρεάν","дорэАн","бесплатно","служебные слова"
"το δώρο","то дОро","подарок","служебные слова"
"ο εαυτός","о эафтОс","сам, себя (личность)","местоимения и вопросы"
"έβδομος; έβδομη; έβδομο","Эвдомос; Эвдоми; Эвдомо","седьмой","числа"
"το εγγόνι","то энгОни","внук/внучка (общее)","семья и люди"
"ο εγγονός","о энгонОс","внук","семья и люди"
"η εγγονή","и энгонИ","внучка","семья и люди"
"τα εγκαίνια","та энгЭнья","открытие, торжественное открытие","служебные слова"
"το έγγραφο","то Энграфо","документ","служебные слова"
"εδώ γύρω","эдО йИро","здесь неподалёку","город и направления"
"εδώ και πολύ καιρό","эдО кэ полИ кэрО","уже долгое время","время"
"το έθιμο","то Этимо","обычай, традиция","служебные слова"
"η εθνικότητα","и этникОтита","национальность","семья и люди"
"η ειδοποίηση","и идопИиси","уведомление, извещение","служебные слова"
"η εκτίμηση","и эктИмиси","уважение, оценка","чувства и характер"
"ο ειδικός; η ειδικός","о идикОс; и идикОс","эксперт, специалист","работа и профессии"
"οι ειδήσεις","и идИсис","новости","служебные слова"
"το είδος","то Идос","вид, тип","служебные слова"
"η εικόνα","и икОна","изображение, картинка","служебные слова"
"η ειρήνη","и ирИни","мир (без войны)","служебные слова"
"η είσοδος","и Исодос","вход","город и направления"
"Να τα εκατοστίσεις!","на та экатостИсис!","Живи до ста лет! (пожелание на день рождения)","приветствия"
"η εκδήλωση","и экдИлоси","мероприятие","досуг и спорт"
"η εκδρομή","и экдромИ","экскурсия","транспорт и путешествия"
"η εκπομπή","и экпомбИ","передача, программа (ТВ)","досуг и спорт"
"εκείνη","экИни","её (винительный падеж)","местоимения и вопросы"
"εκείνον","экИнон","его (винительный падеж)","местоимения и вопросы"
"η έκπληξη","и Экпликси","сюрприз","чувства и характер"
"η εκπαίδευση","и экпЭдэфси","образование, обучение","учёба"
"η έκπτωση","и Экптоси","скидка","покупки и деньги"
"οι εκπτώσεις","и экптОсис","распродажа","покупки и деньги"
"έκτος; έκτη; έκτο","Эктос; Экти; Экто","шестой","числа"
"η ελληνική γλώσσα","и элиникИ глОса","греческий язык","учёба"
"ελληνικός; ελληνική; ελληνικό","элиникОс; элиникИ; элиникО","греческий","прилагательные"
"ελπίζω","элпИзо","надеяться","глаголы"
"ΕΛΤΑ (Ελληνικά Ταχυδρομεία)","элтА","греческая почта","служебные слова"
"το ελαιόλαδο","то элэОладо","оливковое масло","еда и напитки"
"ελεύθερος; ελεύθερη; ελεύθερο","элЭфтэрос; элЭфтэри; элЭфтэро","свободный","прилагательные"
"ελεύθερος; ελεύθερη","элЭфтэрос; элЭфтэри","холостой, незамужняя","семья и люди"
"εμένα","эмЭна","меня","местоимения и вопросы"
"το εμπορικό κέντρο","то эмборикО кЭндро","торговый центр","город и направления"
"η εμπειρία","и эмбирИа","опыт","служебные слова"
"η εμφάνιση","и эмфАниси","внешность, внешний вид","чувства и характер"
"ένας; μία; ένα","Энас; мИа; Эна","один, одна, одно (числительное)","числа"
"ένας; μια; ένα","Энас; мья; Эна","один, некий (неопределённый артикль)","числа"
"ένατος; ένατη; ένατο","Энатос; Энати; Энато","девятый","числа"
"ενδιαφέρομαι","эндьафЭромэ","интересоваться","глаголы"
"ενδιαφέρων; ενδιαφέρουσα; ενδιαφέρον","эндьафЭрон; эндьафЭруса; эндьафЭрон","интересный","прилагательные"
"εννέα; εννιά","энЭа; эньЯ","девять","числа"
"ενημερώνω","энимэрОно","информировать, уведомлять","глаголы"
"ενθουσιάζω","энтусьАзо","воодушевлять, восхищать","глаголы"
"η ενότητα","и энОтита","раздел, единство","учёба"
"η ενοικίαση","и эникИаси","аренда, съём","дом"
"ενώνω","энОно","соединять","глаголы"
"οι εξετάσεις","и эксэтАсис","экзамены","учёба"
"εξηγώ","эксигО","объяснять","глаголы"
"η έξοδος","и Эксодос","выход в свет, вечеринка вне дома","досуг и спорт"
"η εξοχή","и эксохИ","загород, сельская местность","город и направления"
"η εξυπηρέτηση","и эксипирЭтиси","обслуживание","работа и профессии"
"εξυπηρετώ","эксипирэтО","обслуживать","глаголы"
"έξω από","Эксо апО","снаружи от, за пределами","служебные слова"
"το εξωτερικό","то эксотэрикО","заграница","город и направления"
"επαγγελματικός; επαγγελματική; επαγγελματικό","эпангэлматикОс; эпангэлматикИ; эпангэлматикО","профессиональный","прилагательные"
"επαναλαμβάνω","эпаналамвАно","повторять","глаголы"
"επιθυμώ","эпитимО","желать","глаголы"
"επικίνδυνος; επικίνδυνη; επικίνδυνο","эпикИндинос; эпикИндини; эпикИндино","опасный","прилагательные"
"επικοινωνώ","эпикинонО","связываться, общаться","глаголы"
"η επικοινωνία","и эпикинонИа","связь, общение","служебные слова"
"επιλέγω","эпилЭго","выбирать","глаголы"
"το έπιπλο","то Эпипло","предмет мебели","дом"
"επίσημος; επίσημη; επίσημο","эпИсимос; эпИсими; эпИсимо","официальный","прилагательные"
"επίσημα","эпИсима","официально","служебные слова"
"επισκέπτομαι","эпискЭптомэ","посещать","глаголы"
"το εισιτήριο με επιστροφή","то иситИрьо мэ эпистрофИ","билет туда-обратно","транспорт и путешествия"
"επιστρέφω","эпистрЭфо","возвращаться, возвращать","глаголы"
"επιτέλους","эпитЭлус","наконец-то","служебные слова"
"η επιτυχία","и эпитихИа","успех","служебные слова"
"η επιτυχία","и эпитихИа","хит (песня)","досуг и спорт"
"επόμενος; επόμενη; επόμενο","эпОмэнос; эпОмэни; эпОмэно","следующий","прилагательные"
"η εποχή","и эпохИ","сезон, эпоха","время"
"επώνυμος; επώνυμη; επώνυμο","эпОнимос; эпОними; эпОнимо","известный, знаменитый","прилагательные"
"η εργασία","и эргасИа","работа, проект","работа и профессии"
"το θεατρικό έργο","то тэатрикО Эрго","пьеса, спектакль","досуг и спорт"
"το εργοστάσιο","то эргостАсьо","завод, фабрика","работа и профессии"
"η έρευνα","и Эрэвна","исследование","учёба"
"το ερωτηματολόγιο","то эротиматолОйо","анкета, опросник","служебные слова"
"εσένα","эсЭна","тебя","местоимения и вопросы"
"η εταιρεία","и этэрИа","компания, фирма","работа и профессии"
"ετοιμάζω","этимАзо","готовить, готовиться","глаголы"
"έτοιμος; έτοιμη; έτοιμο","Этимос; Этими; Этимо","готовый","прилагательные"
"το έτος","то Этос","год","время"
"έτσι","Эци","так, таким образом","служебные слова"
"ευγενικός; ευγενική; ευγενικό","эвйэникОс; эвйэникИ; эвйэникО","вежливый, любезный","прилагательные"
"η ευκαιρία","и эфкэрИа","возможность, случай","служебные слова"
"εύκολα","Эфкола","легко","служебные слова"
"ευρωπαϊκός; ευρωπαϊκή; ευρωπαϊκό","эвропаикОс; эвропаикИ; эвропаикО","европейский","прилагательные"
"η ευτυχία","и эфтихИа","счастье","чувства и характер"
"Ευτυχισμένος ο καινούριος χρόνος!","эфтихисмЭнос о кэнУрьос хрОнос!","Счастливого Нового года!","приветствия"
"ευτυχώς","эфтихОс","к счастью","служебные слова"
"ευχάριστος; ευχάριστη; ευχάριστο","эфхАристос; эфхАристи; эфхАристо","приятный","прилагательные"
"ευχαριστημένος; ευχαριστημένη; ευχαριστημένο","эфхаристимЭнос; эфхаристимЭни; эфхаристимЭно","довольный","чувства и характер"
"η ευχή","и эфхИ","пожелание","служебные слова"
"τα εφέ","та эфЭ","эффекты","служебные слова"
"η εφημερίδα","и эфимэрИда","газета","служебные слова"
"η εφορία","и эфорИа","налоговая служба","работа и профессии"
"η ζέστη","и зЭсти","жара, тепло","погода и природа"
"κάνει ζέστη","кАни зЭсти","жарко","погода и природа"
"το ζευγάρι","то зэвгАри","пара","семья и люди"
"Να ζήσετε!","на зИсэтэ!","Совет да любовь! (пожелание молодожёнам)","приветствия"
"ζητάω; ζητώ","зитАо; зитО","просить, требовать","глаголы"
"το ζυμαρικό","то зимарикО","паста, макаронные изделия","еда и напитки"
"η ζωγραφική","и зографикИ","живопись, рисование","досуг и спорт"
"η ζωή","и зоИ","жизнь","служебные слова"
"ζωηρός; ζωηρή; ζωηρό","зоирОс; зоирИ; зоирО","бойкий, живой, непоседливый","чувства и характер"
"ζωντανός; ζωντανή; ζωντανό","зонданОс; зонданИ; зонданО","живой","прилагательные"
"η ζωντανή μουσική","и зонданИ мусикИ","живая музыка","досуг и спорт"
"το ζώο","то зОо","животное","животные"
"η ηθοποιός","и итопьОс","актриса","работа и профессии"
"ο ηθοποιός","о итопьОс","актёр","работа и профессии"
"ηλεκτρικός; ηλεκτρική; ηλεκτρικό","илэктрикОс; илэктрикИ; илэктрикО","электрический","прилагательные"
"τα ηλεκτρικά είδη","та илэктрикА Иди","электротовары","покупки и деньги"
"η ηλεκτροπληξία","и илэктропликсИа","удар током","тело и здоровье"
"ο ηλικιωμένος; η ηλικιωμένη","о иликьомЭнос; и иликьомЭни","пожилой человек","семья и люди"
"έχει ήλιο","Эхи Ильо","солнечно","погода и природа"
"η ημέρα","и имЭра","день","время"
"η ημερομηνία","и имэроминИа","дата","время"
"ήπιος; ήπια; ήπιο","Ипьос; Ипья; Ипьо","мягкий, умеренный","прилагательные"
"ήρεμος; ήρεμη; ήρεμο","Ирэмос; Ирэми; Ирэмо","спокойный","чувства и характер"
"η ησυχία","и исихИа","тишина, спокойствие","служебные слова"
"ήσυχος; ήσυχη; ήσυχο","Исихос; Исихи; Исихо","тихий, спокойный","прилагательные"
"θα","та","частица будущего времени","служебные слова"
"η θέα","и тЭа","вид (пейзаж)","город и направления"
"ο θεατής; η θεατής","о тэатИс; и тэатИс","зритель","досуг и спорт"
"το θέατρο","то тЭатро","театр","досуг и спорт"
"θεατρικός; θεατρική; θεατρικό","тэатрикОс; тэатрикИ; тэатрикО","театральный","прилагательные"
"το θέμα","то тЭма","тема, вопрос","учёба"
"η θέση","и тЭси","место, позиция","служебные слова"
"θετικά","тэтикА","положительно","служебные слова"
"η θήκη","и тИки","футляр, чехол","служебные слова"
"τα Θρησκευτικά","та трискэфтикА","урок религии (школьный предмет)","учёба"
"θυμίζω","тимИзо","напоминать","глаголы"
"η ιδέα","и идЭа","идея","служебные слова"
"ιδιαίτερα","идьЭтэра","особенно, в частности","служебные слова"
"το ίδρυμα","то Идрима","учреждение, фонд","служебные слова"
"ιερός; ιερή; ιερό","иэрОс; иэрИ; иэрО","святой, священный","прилагательные"
"το ισόγειο","то исОйо","первый этаж (на уровне земли)","дом"
"η ικανότητα","и иканОтита","способность, умение","служебные слова"
"ίσιος; ίσια; ίσιο","Исьос; Исья; Исьо","прямой","прилагательные"
"η ιστοσελίδα","и истосэлИда","веб-страница, сайт","служебные слова"
"η ιστορία","и исторИа","история, рассказ","служебные слова"
"η Ιστορία","и исторИа","история (школьный предмет)","учёба"
"το κάδρο","то кАдро","рамка для фото","дом"
"το κάγκελο","то кАнгэло","перила, решётка","дом"
"το καθαριστικό","то катаристикО","чистящее средство","дом"
"κάθετα","кАтэта","вертикально, поперёк","служебные слова"
"καθημερινά","катимэринА","ежедневно","служебные слова"
"ο καθηγητής; η καθηγήτρια","о катийитИс; и катийИтрья","преподаватель, учитель","работа и профессии"
"καθόλου","катОлу","вовсе, совсем (не)","служебные слова"
"κάθομαι","кАтомэ","сидеть, садиться","глаголы"
"η καθυστέρηση","и катистЭриси","задержка","служебные слова"
"αυτόν τον καιρό","афтОн тон кэрО","в настоящий момент","время"
"καίω","кЭо","жечь, гореть","глаголы"
"τα κάλαντα","та кАланда","рождественские колядки","время"
"καλεσμένος; καλεσμένη","калэсмЭнос; калэсмЭни","приглашённый, гость","семья и люди"
"ο καλλιτέχνης; η καλλιτέχνης","о калитЭхнис; и калитЭхнис","художник, артист","работа и профессии"
"το καλλυντικό","то калиндикО","косметическое средство","покупки и деньги"
"Καλές γιορτές!","калЭс йортЭс!","С праздником!","приветствия"
"Καλή χρονιά!","калИ хроньА!","С Новым годом!","приветствия"
"Καλή όρεξη!","калИ Орэкси!","Приятного аппетита!","приветствия"
"το καλαμπόκι","то каламбОки","кукуруза","еда и напитки"
"καλύπτω","калИпто","покрывать, накрывать","глаголы"
"καλώ","калО","звонить (по телефону)","глаголы"
"καλώ","калО","приглашать","глаголы"
"το κανάλι","то канАли","канал (ТВ)","досуг и спорт"
"κανένας; καμία; κανένα","канЭнас; камИа; канЭна","никто, ничто","местоимения и вопросы"
"κανένας; καμία; κανένα","канЭнас; камИа; канЭна","кто-нибудь, что-нибудь","местоимения и вопросы"
"κανονικός; κανονική; κανονικό","каноникОс; каноникИ; каноникО","нормальный, обычный","прилагательные"
"κανονικά","каноникА","обычно, нормально","служебные слова"
"Πόσο κάνει;","пОсо кАни;","Сколько это стоит?","покупки и деньги"
"κάποιος; κάποια","кАпьос; кАпья","кто-то, некто","местоимения и вопросы"
"κάποιος; κάποια; κάποιο","кАпьос; кАпья; кАпьо","какой-то, некоторый","местоимения и вопросы"
"το καράβι","то карАви","корабль, судно","транспорт и путешествия"
"ο καρδιολόγος; η καρδιολόγος","о кардьолОгос; и кардьолОгос","кардиолог","работа и профессии"
"το καρναβάλι","то карнавАли","карнавал","время"
"το καρότο","то карОто","морковь","еда и напитки"
"η κάρτα","и кАрта","карта, открытка","служебные слова"
"το καρύδι","то карИди","грецкий орех","еда и напитки"
"το κάστρο","то кАстро","замок, крепость","город и направления"
"η κατάθεση","и катАтэси","вклад, депозит","покупки и деньги"
"η καταιγίδα","и катэйИда","гроза, буря","погода и природа"
"κατάλληλος; κατάλληλη; κατάλληλο","катАлилос; катАлили; катАлило","подходящий, уместный","прилагательные"
"η κατανόηση γραπτού λόγου","и катанОиси граптУ лОгу","понимание письменной речи (чтение)","учёба"
"η κατανόηση προφορικού λόγου","и катанОиси профорикУ лОгу","понимание устной речи (аудирование)","учёба"
"καταπληκτικός; καταπληκτική; καταπληκτικό","катапликтикОс; катапликтикИ; катапликтикО","потрясающий, удивительный","прилагательные"
"καταπληκτικά","катапликтикА","потрясающе, удивительно","служебные слова"
"η κατάσταση","и катАстаси","состояние, ситуация","служебные слова"
"το κατάστημα","то катАстима","магазин","покупки и деньги"
"κατεβάζω μουσική","катэвАзо мусикИ","скачивать музыку","служебные слова"
"η κατηγορία","и катигорИа","категория","служебные слова"
"ο κάτοικος; η κάτοικος","о кАтикос; и кАтикос","житель","город и направления"
"η κατσαρόλα","и кацарОла","кастрюля","дом"
"το κέικ","то кэик","кекс, торт","еда и напитки"
"το κείμενο","то кИмэно","текст","учёба"
"το κενό","то кэнО","пробел, пустота","служебные слова"
"το κεφαλαίο γράμμα","то кэфалЭо грАма","заглавная буква","учёба"
"η καφετέρια","и кафэтЭрья","кафе, кофейня","город и направления"
"το κελί","то кэлИ","камера, келья","служебные слова"
"κεντρικός; κεντρική; κεντρικό","кэндрикОс; кэндрикИ; кэндрикО","центральный","прилагательные"
"το κεντρικό δελτίο ειδήσεων","то кэндрикО дэлтИо идИсэон","главный выпуск новостей","досуг и спорт"
"το ΚΕΠ (Κέντρο Εξυπηρέτησης Πολιτών)","кэп","центр обслуживания граждан","служебные слова"
"ο κεραυνός","о кэравнОс","молния (разряд)","погода и природа"
"το κεράσι","то кэрАси","вишня, черешня","еда и напитки"
"η κιθάρα","и китАра","гитара","досуг и спорт"
"το κιλό","то килО","килограмм","покупки и деньги"
"ο κίνδυνος","о кИндинос","опасность, риск","служебные слова"
"ο κινηματογράφος","о киниматогрАфос","кинотеатр, кино","досуг и спорт"
"η κίνηση","и кИниси","движение, трафик","транспорт и путешествия"
"το κινητό τηλέφωνο","то кинитО тилЭфоно","мобильный телефон","служебные слова"
"κιόλας","кьОлас","уже","служебные слова"
"κλασικός; κλασική; κλασικό","класикОс; класикИ; класикО","классический","прилагательные"
"η κλειδί-λέξη","и клидИ-лЭкси","ключевое слово","учёба"
"κλειδώνω","клидОно","запирать на ключ","глаголы"
"κλειστός; κλειστή; κλειστό","клистОс; клистИ; клистО","выключенный (о технике)","прилагательные"
"ο κλέφτης; η κλέφτρα","о клЭфтис; и клЭфтра","вор","семья и люди"
"η κλοπή","и клопИ","кража","служебные слова"
"ο κλόουν","о клОун","клоун","работа и профессии"
"κόβω","кОво","резать, стричь","глаголы"
"το κομμάτι","то комАти","часть, кусок","служебные слова"
"κοινωνικός; κοινωνική; κοινωνικό","киноникОс; киноникИ; киноникО","социальный, общительный","прилагательные"
"κοιτώ; κοιτάζω","китО; китАзо","смотреть","глаголы"
"κόκκινος; κόκκινη; κόκκινο","кОкинос; кОкини; кОкино","красный","цвета"
"κολλάω; κολλώ","колАо; колО","клеить, прилипать","глаголы"
"η κολόνα","и колОна","колонна","город и направления"
"το κολυμβητήριο","то колимвитИрьо","бассейн","досуг и спорт"
"η κοπέλα","и копЭла","девушка","семья и люди"
"η κορυφή","и корифИ","вершина, верхушка","служебные слова"
"το κόσμημα","то кОсмима","украшение, ювелирное изделие","одежда"
"ο κόσμος","о кОсмос","люди, толпа, мир","служебные слова"
"κοστίζω","костИзо","стоить","глаголы"
"το κοστούμι","то костУми","костюм","одежда"
"η κουβέρτα","и кувЭрта","одеяло","дом"
"η ηλεκτρική κουζίνα","и илэктрикИ кузИна","электроплита","дом"
"ο κουμπάρος","о кумбАрос","шафер, крёстный отец","семья и люди"
"η κουμπάρα","и кумбАра","подружка невесты, крёстная мать","семья и люди"
"το κουνουπίδι","то кунупИди","цветная капуста","еда и напитки"
"η κουταλιά","и кутальЯ","ложка (мера, содержимое)","еда и напитки"
"το κουτί","то кутИ","коробка","покупки и деньги"
"κουράζω","курАзо","утомлять","глаголы"
"η κούραση","и кУраси","усталость","тело и здоровье"
"κουραστικός; κουραστική; κουραστικό","курастикОс; курастикИ; курастикО","утомительный","прилагательные"
"η κουρτίνα","и куртИна","штора","дом"
"κρατάω; κρατώ","кратАо; кратО","держать; длиться","глаголы"
"κρατικός; κρατική; κρατικό","кратикОс; кратикИ; кратикО","государственный","прилагательные"
"η κρέμα","и крЭма","крем","покупки и деньги"
"Κρητικός; Κρητικιά","критикОс; критикьЯ","критский, с Крита","город и направления"
"το κριθάρι","то критАри","ячмень","еда и напитки"
"κρύβω","крИво","прятать","глаголы"
"το κρύο","то крИо","холод","погода и природа"
"κάνει κρύο","кАни крИо","холодно","погода и природа"
"κρυώνω","криОно","мёрзнуть","глаголы"
"το κτίριο","то ктИрьо","здание","город и направления"
"ο κύκλος","о кИклос","круг","служебные слова"
"το κυλικείο","то киликИо","школьный буфет, столовая","учёба"
"το κύμα","то кИма","волна","погода и природа"
"η κυρία","и кирИа","госпожа, дама","семья и люди"
"ο κύριος","о кИрьос","господин, сударь","семья и люди"
"κωμικός; κωμική; κωμικό","комикОс; комикИ; комикО","комичный, смешной","прилагательные"
"η Κωνσταντινούπολη","и констандинУполи","Константинополь, Стамбул","город и направления"
"ο λαβύρινθος","о лавИринтос","лабиринт","служебные слова"
"η λαϊκή μουσική","и лаикИ мусикИ","народная (популярная) музыка","досуг и спорт"
"ο λάτιν χορός","о лАтин хорОс","латиноамериканский танец","досуг и спорт"
"το λαχανικό","то лаханикО","овощ","еда и напитки"
"λείπω","лИпо","отсутствовать","глаголы"
"η λειτουργία","и литурйИа","функция, работа (механизма)","служебные слова"
"ο λεκές","о лэкЭс","пятно","дом"
"η λέξη","и лЭкси","слово","учёба"
"το λεξικό","то лэксикО","словарь","учёба"
"το λεξιλόγιο","то лэксилОйо","словарный запас","учёба"
"η λεπτομέρεια","и лэптомЭрья","деталь, подробность","служебные слова"
"τα λεφτά","та лэфтА","деньги","покупки и деньги"
"λήγω","лИго","истекать (о сроке годности)","глаголы"
"λήγω","лИго","заканчиваться (о действии)","глаголы"
"το ληξιαρχείο","то ликсьархИо","ЗАГС, регистрационный отдел","служебные слова"
"η λιακάδα","и льакАда","солнечная погода","погода и природа"
"λίγοι; λίγες; λίγα","лИги; лИйэс; лИга","немного, несколько (о счётном)","служебные слова"
"λίγος; λίγη; λίγο","лИгос; лИйи; лИго","немного (о несчётном)","служебные слова"
"το λιμάνι","то лимАни","порт, гавань","транспорт и путешествия"
"λιώνω","льОно","таять, плавиться","глаголы"
"τα λόγια","та лОя","слова, речь","служебные слова"
"η λογοτεχνία","и логотэхнИа","литература","учёба"
"λυπάμαι","липАмэ","сожалеть, грустить","глаголы"
"η λύση","и лИси","решение (задачи)","служебные слова"
"μ.μ.","м.м.","после полудня (сокращение)","время"
"μα","ма","но","служебные слова"
"το μαγαζί","то магазИ","магазин, лавка","покупки и деньги"
"το μαγιό","то майО","купальник, плавки","одежда"
"η μαγειρική","и майирикИ","кулинария","еда и напитки"
"μαζεύω από κάτω","мазЭво апО кАто","подбирать (с земли)","глаголы"
"μαζεύω","мазЭво","собирать","глаголы"
"μαζί","мазИ","вместе","служебные слова"
"μαζί με","мазИ мэ","вместе с","служебные слова"
"τα Μαθηματικά","та матиматикА","математика","учёба"
"τα μακαρόνια","та макарОнья","макароны","еда и напитки"
"μακάρι","макАри","если бы только, вот бы","служебные слова"
"μαλακός; μαλακή; μαλακό","малакОс; малакИ; малакО","мягкий","прилагательные"
"μαλώνω","малОно","ругаться, ссориться","глаголы"
"η μαμά","и мамА","мама","семья и люди"
"μαντεύω","мандЭво","угадывать","глаголы"
"το μαξιλάρι","то максилАри","подушка","дом"
"η μάρκα αυτοκινήτου","и мАрка афтокинИту","марка автомобиля","транспорт и путешествия"
"το μαρούλι","то марУли","салат-латук","еда и напитки"
"ο μάρτυρας; η μάρτυρας","о мАртирас; и мАртирас","свидетель","служебные слова"
"η μάσκα","и мАска","маска","служебные слова"
"η μάσκα ομορφιάς","и мАска оморфьАс","косметическая маска для лица","покупки и деньги"
"το μαχαίρι","то махЭри","нож","дом"
"μεγαλώνω","мэгалОно","взрослеть","глаголы"
"μεγαλώνω","мэгалОно","увеличиваться, расти","глаголы"
"το μέγαρο","то мЭгаро","дворец, особняк","дом"
"μελαχρινός; μελαχρινή; μελαχρινό","мэлахринОс; мэлахринИ; мэлахринО","темноволосый, смуглый","чувства и характер"
"το μέλι","то мЭли","мёд","еда и напитки"
"το μέλλον","то мЭлон","будущее","время"
"ο μεζές","о мэзЭс","закуска","еда и напитки"
"μειωμένος; μειωμένη; μειωμένο","мьомЭнос; мьомЭни; мьомЭно","сниженный, уменьшенный","прилагательные"
"μερικοί; μερικές; μερικά","мэрикИ; мэрикЭс; мэрикА","некоторые, несколько","служебные слова"
"το μέρος","то мЭрос","место","служебные слова"
"το μέρος","то мЭрос","часть","служебные слова"
"μέσα σε","мЭса сэ","внутри, в течение","служебные слова"
"το μεσημεριανό","то мэсимэрьанО","обед","еда и напитки"
"ο μεσίτης; η μεσίτρια","о мэсИтис; и мэсИтрья","риелтор, маклер","работа и профессии"
"η μετακίνηση","и мэтакИниси","перемещение, переезд","транспорт и путешествия"
"μετακομίζω","мэтакомИзо","переезжать","глаголы"
"μεταφέρω","мэтафЭро","перевозить, переносить","глаголы"
"το μεταφορικό μέσο","то мэтафорикО мЭсо","транспортное средство","транспорт и путешествия"
"μέτριος; μέτρια; μέτριο","мЭтрьос; мЭтрья; мЭтрьо","средний, умеренный","прилагательные"
"το μήνυμα","то мИнима","сообщение","служебные слова"
"μήπως","мИпос","не... ли (вежливый вопрос)","служебные слова"
"η μητέρα","и митЭра","мать","семья и люди"
"το μικρόφωνο","то микрОфоно","микрофон","служебные слова"
"μισός; μισή; μισό","мисОс; мисИ; мисО","половина, половинный","числа"
"το μνημείο","то мнимИо","памятник","город и направления"
"η μόδα","и мОда","мода","одежда"
"μοναδικός; μοναδική; μοναδικό","монадикОс; монадикИ; монадикО","уникальный, единственный в своём роде","прилагательные"
"μόνιμα","мОнима","постоянно","служебные слова"
"η μονοκατοικία","и монокатикИа","отдельный дом (не квартира)","дом"
"μόνος; μόνη; μόνο","мОнос; мОни; мОно","один, в одиночестве","прилагательные"
"το μονόκλινο δωμάτιο","то монОклино домАтьо","одноместный номер","транспорт и путешествия"
"μοντέρνος; μοντέρνα; μοντέρνο","мондЭрнос; мондЭрна; мондЭрно","современный","прилагательные"
"ο μουσακάς","о мусакАс","мусака (греческое блюдо)","еда и напитки"
"το μουσικό κουτί","то мусикО кутИ","музыкальная шкатулка","досуг и спорт"
"το μουσικό όργανο","то мусикО Органо","музыкальный инструмент","досуг и спорт"
"ο μουσικός; η μουσικός","о мусикОс; и мусикОс","музыкант","работа и профессии"
"ο μπακλαβάς","о баклавАс","пахлава (греческая сладость)","еда и напитки"
"ο μπαμπάς","о бамбАс","папа","семья и люди"
"η μπανιέρα","и баньЭра","ванна","дом"
"το μπαρ","то бар","бар","город и направления"
"κάνω μπάνιο","кАно бАньо","принимать ванну","дом"
"κάνω μπάνιο","кАно бАньо","купаться (в море)","транспорт и путешествия"
"μπερδεύω","бэрдЭво","путать, запутывать","глаголы"
"το μπουκάλι","то букАли","бутылка","еда и напитки"
"το μπρόκολο","то брОколо","брокколи","еда и напитки"
"μπροστά από","бростА апО","перед, впереди","служебные слова"
"η μπριζόλα","и бризОла","стейк, отбивная","еда и напитки"
"η μπύρα","и бИра","пиво","еда и напитки"
"το μυστικό","то мистикО","секрет","служебные слова"
"το μωρό","то морО","младенец","семья и люди"
"Να ζήσεις!","на зИсис!","С днём рождения!","приветствия"
"ο ναός","о наОс","храм","город и направления"
"νεαρός; νεαρή; νεαρό","нэарОс; нэарИ; нэарО","молодой","прилагательные"
"νευριάζω","нэврьАзо","злиться, раздражаться","глаголы"
"το νηπιαγωγείο","то нипьагойИо","детский сад","учёба"
"το νησί","то нисИ","остров","город и направления"
"νησιώτικος; νησιώτικη; νησιώτικο","нисьОтикос; нисьОтики; нисьОтико","островной","прилагательные"
"ο νικητής; η νικήτρια","о никитИс; и никИтрья","победитель","досуг и спорт"
"νοικιάζω","никьАзо","снимать, арендовать","глаголы"
"ο νονός","о нонОс","крёстный отец","семья и люди"
"η νονά","и нонА","крёстная мать","семья и люди"
"η νότα","и нОта","нота","досуг и спорт"
"νότιος; νότια; νότιο","нОтьос; нОтья; нОтьо","южный","прилагательные"
"το νούμερο","то нУмэро","номер, размер","числа"
"το ντοκιμαντέρ","то докимандЭр","документальный фильм","досуг и спорт"
"το ντουλάπι","то дулАпи","шкафчик, тумбочка","дом"
"νυστάζω","нистАзо","хотеть спать","тело и здоровье"
"νυχτερινός; νυχτερινή; νυχτερινό","нихтэринОс; нихтэринИ; нихтэринО","ночной","прилагательные"
"ξανά","ксанА","снова","служебные слова"
"ξαναβλέπω","ксанавлЭпо","снова увидеться","глаголы"
"ξαναγυρίζω","ксанайирИзо","возвращаться снова","глаголы"
"ξαναδιαβάζω","ксанадьавАзо","перечитывать","глаголы"
"ξαναδίνω","ксанадИно","давать снова","глаголы"
"ξαναμιλάω; ξαναμιλώ","ксанамилАо; ксанамилО","снова говорить","глаголы"
"ξαναλέω","ксаналЭо","повторять, говорить снова","глаголы"
"ξαναπερνάω; ξαναπερνώ","ксанапэрнАо; ксанапэрнО","снова заходить, проходить","глаголы"
"ξανθός; ξανθή; ξανθό","ксантОс; ксантИ; ксантО","светловолосый, блондин","чувства и характер"
"ξένος; ξένη; ξένο","ксЭнос; ксЭни; ксЭно","иностранный, чужой","прилагательные"
"ξεπερνάω; ξεπερνώ","ксэпэрнАо; ксэпэрнО","превышать, преодолевать","глаголы"
"ξεπλένω","ксэплЭно","ополаскивать","глаголы"
"ξεχωριστός; ξεχωριστή; ξεχωριστό","ксэхористОс; ксэхористИ; ксэхористО","особенный, отдельный","прилагательные"
"ξηρός; ξηρή; ξηρό","ксирОс; ксирИ; ксирО","сухой","прилагательные"
"ο ξηρός καρπός","о ксирОс карпОс","сухофрукт, орех","еда и напитки"
"ξοδεύω","ксодЭво","тратить","глаголы"
"το ξύδι","то ксИди","уксус","еда и напитки"
"ξύλινος; ξύλινη; ξύλινο","ксИлинос; ксИлини; ксИлино","деревянный","прилагательные"
"όγδοος; όγδοη; όγδοο","Огдоос; Огдои; Огдоо","восьмой","числа"
"ο οδοντίατρος; η οδοντίατρος","о одондИатрос; и одондИатрос","стоматолог","работа и профессии"
"η οδηγία","и одийИа","инструкция, указание","служебные слова"
"οδηγάω; οδηγώ","одигАо; одигО","водить (машину), направлять","глаголы"
"ο; η; το","о; и; то","определённый артикль (тот/та/то)","местоимения и вопросы"
"το οικογενειακό δέντρο","то икойэньакО дЭндро","семейное древо","семья и люди"
"η οικογενειακή κατάσταση","и икойэньакИ катАстаси","семейное положение","семья и люди"
"το οινόπνευμα","то инОпнэвма","спирт, алкоголь","еда и напитки"
"η οδός","и одОс","улица, дорога","город и направления"
"ολόκληρος; ολόκληρη; ολόκληρο","олОклирос; олОклири; олОклиро","целый, весь","прилагательные"
"η ομάδα","и омАда","команда, группа","досуг и спорт"
"ο ομιλητής; η ομιλήτρια","о омилитИс; и омилИтрья","докладчик, лектор","работа и профессии"
"η ομίχλη","и омИхли","туман","погода и природа"
"η ομορφιά","и оморфьЯ","красота","чувства и характер"
"η ομπρέλα","и омбрЭла","зонт","одежда"
"ονειρεύομαι","онирЭвомэ","мечтать, видеть сон","глаголы"
"το ονοματεπώνυμο","то ономатэпОнимо","полное имя (имя и фамилия)","служебные слова"
"το οξυγόνο","то оксигОно","кислород","служебные слова"
"όποιος; όποια; όποιο","Опьос; Опья; Опьо","кто бы ни, любой (относит.)","местоимения и вопросы"
"οριζόντια","оризОндья","горизонтально","служебные слова"
"ο όροφος","о Орофос","этаж","дом"
"όσα","Оса","всё то, что","местоимения и вопросы"
"το όσπριο","то Оспрьо","бобовое (растение)","еда и напитки"
"ό,τι","О,ти","что бы ни, всё что","местоимения и вопросы"
"το ουζερί","то узэрИ","узери (греческая таверна с узо и закусками)","еда и напитки"
"το ούζο","то Узо","узо (греческий алкогольный напиток)","еда и напитки"
"π.μ.","п.м.","до полудня (сокращение)","время"
"ο πάγος","о пАгос","лёд","погода и природа"
"η παγωνιά","и пагоньЯ","мороз, сильный холод","погода и природа"
"παθαίνω","патЭно","претерпевать, испытывать (неприятность)","глаголы"
"τα παιδιά","та пэдьЯ","дети","семья и люди"
"παιδικός; παιδική; παιδικό","пэдикОс; пэдикИ; пэдикО","детский","прилагательные"
"το παιχνίδι","то пэхнИди","игра, игрушка","досуг и спорт"
"πάλι","пАли","снова, опять","служебные слова"
"πανεπιστημιακός; πανεπιστημιακή; πανεπιστημιακό","панэпистимьакОс; панэпистимьакИ; панэпистимьакО","университетский","учёба"
"η πανσέληνος","и пансЭлинос","полнолуние","погода и природа"
"το παντζάρι","то пандзАри","свёкла","еда и напитки"
"παντρεμένος; παντρεμένη","пандрэмЭнос; пандрэмЭни","женатый, замужняя","семья и люди"
"παντρεύω","пандрЭво","женить","глаголы"
"παντρεύομαι","пандрЭвомэ","жениться, выходить замуж","глаголы"
"το πάπλωμα","то пАплома","одеяло (пуховое)","дом"
"η παραγωγή γραπτού λόγου","и парагойИ граптУ лОгу","письменная речь (написание текста)","учёба"
"η παραγωγή προφορικού λόγου","и парагойИ профорикУ лОгу","устная речь (говорение)","учёба"
"παραγγέλλω; παραγγέλνω","парангЭло; парангЭлно","заказывать","глаголы"
"η παραγγελία","и парангэлИа","заказ","еда и напитки"
"το παράδειγμα","то парАдигма","пример","учёба"
"παραδοσιακός; παραδοσιακή; παραδοσιακό","парадосьакОс; парадосьакИ; парадосьакО","традиционный","прилагательные"
"Παρακαλώ!","паракалО!","Пожалуйста! (в ответ на ""спасибо"")","приветствия"
"παρακάτω","паракАто","ниже, далее","служебные слова"
"η παραλία","и паралИа","пляж, побережье","город и направления"
"παρακολουθώ","параколутО","смотреть, следить за","глаголы"
"η παραμονή","и парамонИ","канун, накануне","время"
"το παράπονο","то парАпоно","жалоба","служебные слова"
"παραπάνω; πιο πάνω","парапАно; пьо пАно","выше (по тексту)","служебные слова"
"η παράσταση","и парАстаси","представление, спектакль","досуг и спорт"
"παρατηρώ","паратирО","наблюдать, замечать","глаголы"
"η παρατήρηση","и паратИриси","замечание","служебные слова"
"η παρέα","и парЭа","компания (друзей)","семья и люди"
"το πάρκιγκ","то пАркинг","парковка","транспорт и путешествия"
"η παροιμία","и паримИа","пословица, поговорка","учёба"
"παρουσιάζω","парусьАзо","представлять, показывать","глаголы"
"παρουσιάζομαι","парусьАзомэ","являться, представляться","глаголы"
"η πάστα","и пАста","пирожное","еда и напитки"
"πεθαίνω","пэтЭно","умирать","глаголы"
"πείθω","пИто","убеждать","глаголы"
"πειράζει","пирАзи","это имеет значение, это важно","служебные слова"
"δεν πειράζει","дэн пирАзи","ничего страшного","служебные слова"
"ο πελάτης; η πελάτισσα","о пэлАтис; и пэлАтиса","клиент","покупки и деньги"
"η περίπτωση","и пэрИптоси","случай","служебные слова"
"το πεντάγραμμο","то пэндАграмо","нотный стан","досуг и спорт"
"το πεπόνι","то пэпОни","дыня","еда и напитки"
"Περαστικά!","пэрастикА!","Выздоравливай(те)!","приветствия"
"περιγράφω","пэригрАфо","описывать","глаголы"
"το περιβάλλον","то пэривАлон","окружающая среда","служебные слова"
"περιλαμβάνω","пэриламвАно","включать в себя","глаголы"
"το περιοδικό","то пэрьодикО","журнал","служебные слова"
"η περιοχή","и пэрьохИ","район, область","город и направления"
"περίπου","пэрИпу","примерно, около","служебные слова"
"περισσότερος; περισσότερη; περισσότερο","пэрисОтэрос; пэрисОтэри; пэрисОтэро","больший, больше","служебные слова"
"περνάω; περνώ","пэрнАо; пэрнО","проходить, проводить (время)","глаголы"
"περνάω καλά","пэрнАо калА","хорошо проводить время","досуг и спорт"
"περπατάω; περπατώ","пэрпатАо; пэрпатО","ходить пешком","глаголы"
"πέρσι","пЭрси","в прошлом году","время"
"πετάω; πετώ","пэтАо; пэтО","летать","глаголы"
"πετάω; πετώ","пэтАо; пэтО","бросать, выбрасывать","глаголы"
"η πετσέτα","и пэцЭта","полотенце, салфетка","дом"
"πέφτω","пЭфто","падать","глаголы"
"μου πηγαίνει","му пигЭни","мне идёт (об одежде)","одежда"
"το πιάνο","то пьАно","пианино","досуг и спорт"
"το πιάτο","то пьАто","тарелка, блюдо","дом"
"η πιάτσα ταξί","и пьАца таксИ","стоянка такси","транспорт и путешествия"
"ο πίνακας","о пИнакас","доска (в классе)","учёба"
"ο πίνακας","о пИнакас","картина (произведение искусства)","досуг и спорт"
"ο πίνακας","о пИнакас","таблица, схема","учёба"
"το πιρούνι","то пирУни","вилка","дом"
"η πισίνα","и писИна","бассейн","досуг и спорт"
"πιστεύω","пистЭво","верить, считать","глаголы"
"το πιστοποιητικό","то пистопьитикО","сертификат, свидетельство","служебные слова"
"θα είμαι πίσω","та Имэ пИсо","я вернусь, я буду позже","служебные слова"
"ο πλανήτης","о планИтис","планета","служебные слова"
"πλαστικός; πλαστική; πλαστικό","пластикОс; пластикИ; пластикО","пластиковый","прилагательные"
"πλένω τα πιάτα","плЭно та пьАта","мыть посуду","дом"
"η πληγή","и плийИ","рана","тело и здоровье"
"η πληροφορία; οι πληροφορίες","и плирофорИа; и плирофорИэс","информация","служебные слова"
"πλησιάζω","плисьАзо","приближаться","глаголы"
"βάζω πλυντήριο","вАзо плиндИрьо","стирать (запускать стиральную машину)","дом"
"πνίγομαι","пнИгомэ","подавиться, задыхаться","тело и здоровье"
"πνίγομαι","пнИгомэ","тонуть","тело и здоровье"
"η ποδιά","и подьЯ","фартук","одежда"
"ποιανού; ποιανής","пьанУ; пьанИс","чей, чья","местоимения и вопросы"
"η ποιότητα","и пьОтита","качество","служебные слова"
"ο πολιτισμός","о политисмОс","цивилизация, культура","учёба"
"πολιτιστικός; πολιτιστική; πολιτιστικό","политистикОс; политистикИ; политистикО","культурный","прилагательные"
"ο πολίτης","о полИтис","гражданин","служебные слова"
"πολλοί; πολλές; πολλά","полИ; полЭс; полА","многие, много (о счётном)","служебные слова"
"η πολυθρόνα","и политрОна","кресло","дом"
"η πολυκατοικία","и поликатикИа","многоквартирный дом","дом"
"πολύχρωμος; πολύχρωμη; πολύχρωμο","полИхромос; полИхроми; полИхромо","разноцветный","цвета"
"ο πονόδοντος","о понОдондос","зубная боль","тело и здоровье"
"πονάει η κοιλιά μου","понАи и кильЯ му","у меня болит живот","тело и здоровье"
"ποντιακός; ποντιακή; ποντιακό","пондьакОс; пондьакИ; пондьакО","понтийский","город и направления"
"τα ποντίκια","та пондИкья","мыши","животные"
"το πορτοφόλι","то портофОли","кошелёк","покупки и деньги"
"πόσοι; πόσες; πόσα","пОси; пОсэс; пОса","сколько (о счётном)","местоимения и вопросы"
"πόσος; πόση; πόσο","пОсос; пОси; пОсо","сколько (о несчётном)","местоимения и вопросы"
"Πόσων χρονών είσαι;","пОсон хронОн Исэ;","Сколько тебе лет?","местоимения и вопросы"
"το ποτήρι","то потИри","стакан","дом"
"το ποτό","то потО","напиток (алкогольный)","еда и напитки"
"Από πού είσαι;","апО пу Исэ;","Ты откуда?","приветствия"
"πουθενά","путэнА","нигде","служебные слова"
"το πράγμα","то прАгма","вещь","служебные слова"
"πραγματικά","прагматикА","действительно, на самом деле","служебные слова"
"η πράξη","и прАкси","действие, поступок","служебные слова"
"πράσινος; πράσινη; πράσινο","прАсинос; прАсини; прАсино","зелёный","цвета"
"η πρεμιέρα","и прэмьЭра","премьера","досуг и спорт"
"η πρίζα","и прИза","розетка","дом"
"πριν από λίγο καιρό","прин апО лИго кэрО","недавно, некоторое время назад","время"
"το πρόβλημα","то прОвлима","проблема","служебные слова"
"η προβολή","и проволИ","показ, сеанс (кино)","досуг и спорт"
"το πρόγραμμα","то прОграма","программа, расписание","служебные слова"
"προγραμματισμένος; προγραμματισμένη; προγραμματισμένο","програматисмЭнос; програматисмЭни; програматисмЭно","запланированный","прилагательные"
"προετοιμάζω","проэтимАзо","подготавливать","глаголы"
"προηγούμενος; προηγούμενη; προηγούμενο","проигУмэнос; проигУмэни; проигУмэно","предыдущий","прилагательные"
"το προϊόν","то проиОн","продукт, товар","покупки и деньги"
"η πρόκληση","и прОклиси","вызов, испытание","служебные слова"
"προλαβαίνω","пролавЭно","успевать","глаголы"
"προσεκτικά","просэктикА","внимательно, осторожно","служебные слова"
"προσέχω","просЭхо","быть осторожным, обращать внимание","глаголы"
"προσθέτω","простЭто","добавлять","глаголы"
"η πρόσκληση","и прОсклиси","приглашение","служебные слова"
"η προσοχή","и просохИ","внимание, осторожность","служебные слова"
"προσκαλώ","проскалО","приглашать","глаголы"
"προσωπικός; προσωπική; προσωπικό","просопикОс; просопикИ; просопикО","личный","прилагательные"
"προσχολικός; προσχολική; προσχολικό","просхоликОс; просхоликИ; просхоликО","дошкольный","учёба"
"η πρόταση","и прОтаси","предложение (грамматическое); предложение (идея)","учёба"
"προτείνω","протИно","предлагать","глаголы"
"προτιμάω; προτιμώ","протимАо; протимО","предпочитать","глаголы"
"η προφορά","и профорА","произношение, акцент","учёба"
"το πρωινό","то проинО","утро","время"
"το πρωινό","то проинО","завтрак","еда и напитки"
"πρωινός; πρωινή; πρωινό","проинОс; проинИ; проинО","утренний","прилагательные"
"η Πρωτοχρονιά","и протохроньЯ","Новый год (праздник)","время"
"πρώτα","прОта","сначала, прежде всего","служебные слова"
"οι πρώτες βοήθειες","и прОтэс воИтьэс","первая помощь","тело и здоровье"
"η πυραμίδα","и пирамИда","пирамида","учёба"
"η πυροσβεστική","и пиросвэстикИ","пожарная служба","работа и профессии"
"ο πωλητής; η πωλήτρια","о политИс; и полИтрья","продавец","работа и профессии"
"Πώς σε λένε;","пос сэ лЭнэ;","Как тебя зовут?","приветствия"
"το ραδιόφωνο","то радьОфоно","радио","служебные слова"
"ο ραδιοφωνικός σταθμός","о радьофоникОс статмОс","радиостанция","служебные слова"
"η ραδιοφωνική εκπομπή","и радьофоникИ экпомбИ","радиопередача","служебные слова"
"το ραντεβού","то рандэвУ","встреча, свидание","служебные слова"
"η ράτσα ζώου","и рАца зОу","порода животного","животные"
"το ρεσιτάλ","то рэситАл","сольный концерт","досуг и спорт"
"το ρεύμα","то рЭвма","электричество, ток","дом"
"η ρίγανη","и рИгани","орегано, душица","еда и напитки"
"ρίχνω","рИхно","бросать, ронять","глаголы"
"η ροκ μουσική","и рок мусикИ","рок-музыка","досуг и спорт"
"ο ρόλος","о рОлос","роль","досуг и спорт"
"το ρούχο","то рУхо","одежда (предмет)","одежда"
"ο ρυθμός","о ритмОс","ритм","досуг и спорт"
"το Σαββατοκύριακο","то саватокИрьако","выходные","время"
"το σακάκι","то сакАки","пиджак","одежда"
"η σακούλα","и сакУла","пакет (пластиковый)","покупки и деньги"
"το σαμπουάν","то самбуАн","шампунь","покупки и деньги"
"το σαπούνι","то сапУни","мыло","дом"
"σβήνω","свИно","стирать, удалять","глаголы"
"σβήνω τη φωτιά","свИно ти фотьЯ","тушить огонь","глаголы"
"σγουρός; σγουρή; σγουρό","сгурОс; сгурИ; сгурО","кудрявый","чувства и характер"
"η σειρά","и сирА","порядок, ряд, очередь","служебные слова"
"η σειρά μου","и сирА му","моя очередь","служебные слова"
"η σελίδα","и сэлИда","страница","учёба"
"το σεντόνι","то сэндОни","простыня","дом"
"σερβίρω","сэрвИро","подавать (еду)","глаголы"
"σημαίνω","симЭно","значить, означать","глаголы"
"η σημασία","и симасИа","значение","служебные слова"
"σημειώνω; κρατάω σημειώσεις","симьОно; кратАо симьОсис","записывать, делать заметки","глаголы"
"η σημείωση","и симИоси","заметка","учёба"
"σίγουρος; σίγουρη; σίγουρο","сИгурос; сИгури; сИгуро","уверенный","чувства и характер"
"οι σκάλες","и скАлэс","лестница","дом"
"η σκέψη","и скЭпси","мысль","служебные слова"
"η σκηνή","и скинИ","сцена (театральная)","досуг и спорт"
"το σκηνικό","то скиникО","декорация","досуг и спорт"
"ο σκηνοθέτης; η σκηνοθέτης","о скинотЭтис; и скинотЭтис","режиссёр","работа и профессии"
"το σκίτσο","то скИцо","набросок, скетч","досуг и спорт"
"σκληρός; σκληρή; σκληρό","склирОс; склирИ; склирО","твёрдый, жёсткий","прилагательные"
"το σκουπίδι","то скупИди","мусор","дом"
"η σκόνη","и скОни","пыль, порошок","дом"
"ο σκοπός","о скопОс","цель","служебные слова"
"το σκόρδο","то скОрдо","чеснок","еда и напитки"
"σκορπίζω","скорпИзо","рассыпать, разбрасывать","глаголы"
"σκουπίζω","скупИзо","вытирать, подметать","глаголы"
"ο σκούφος; το σκουφί","о скУфос; то скуфИ","шапка","одежда"
"σοβαρός; σοβαρή; σοβαρό","соварОс; соварИ; соварО","серьёзный","прилагательные"
"σοβαρά","соварА","серьёзно","служебные слова"
"η μαγειρική σόδα","и майирикИ сОда","пищевая сода","еда и напитки"
"η σοπράνο","и сопрАно","сопрано","досуг и спорт"
"σπάζω","спАзо","ломать, разбивать","глаголы"
"σπάνια","спАнья","редко","служебные слова"
"είμαι σπίτι","Имэ спИти","быть дома","дом"
"μένω σπίτι","мЭно спИти","оставаться дома","дом"
"σπιτικός; σπιτική; σπιτικό","спитикОс; спитикИ; спитикО","домашний (о еде)","еда и напитки"
"το σπυρί","то спирИ","прыщик","тело и здоровье"
"σπουδάζω","спудАзо","учиться (в вузе)","учёба"
"οι σπουδές","и спудЭс","учёба, обучение","учёба"
"σπουδαίος; σπουδαία; σπουδαίο","спудЭос; спудЭа; спудЭо","выдающийся, замечательный","прилагательные"
"η σταγόνα","и стагОна","капля","служебные слова"
"η στάση λεωφορείου","и стАси лэофорИу","автобусная остановка","транспорт и путешествия"
"στεναχωρημένος; στεναχωρημένη; στεναχωρημένο","стэнахоримЭнос; стэнахоримЭни; стэнахоримЭно","расстроенный, грустный","чувства и характер"
"στενός; στενή; στενό","стэнОс; стэнИ; стэнО","узкий, тесный","прилагательные"
"η στήλη","и стИли","колонка, столбец","служебные слова"
"η στιγμή","и стигмИ","момент, миг","время"
"το στιλ","то стил","стиль","одежда"
"το στομάχι","то стомАхи","желудок","тело и здоровье"
"το στοιχείο","то стихИо","данные, элемент","служебные слова"
"το στρώμα","то стрОма","матрас","дом"
"στρώνω","стрОно","застилать, накрывать (на стол)","глаголы"
"ο συγγραφέας; η συγγραφέας","о синграфЭас; и синграфЭас","писатель","работа и профессии"
"ο συγκάτοικος; η συγκάτοικος","о сингАтикос; и сингАтикос","сосед по квартире","семья и люди"
"συγκρίνω","сингрИно","сравнивать","глаголы"
"το συγκρότημα","то сингрОтима","музыкальная группа","досуг и спорт"
"τα συγχαρητήρια","та синхаритИрья","поздравления","приветствия"
"σύγχρονος; σύγχρονη; σύγχρονο","сИнхронос; сИнхрони; сИнхроно","современный","прилагательные"
"συζητάω; συζητώ","сизитАо; сизитО","обсуждать","глаголы"
"η συζήτηση","и сизИтиси","разговор, обсуждение","служебные слова"
"συλλέγω","силЭго","коллекционировать","глаголы"
"τα συλληπητήρια","та силипитИрья","соболезнования","приветствия"
"η συμβουλή","и симвулИ","совет","служебные слова"
"ο συμμαθητής; η συμμαθήτρια","о симатитИс; и симатИтрья","одноклассник","учёба"
"συμπαθώ","симбатО","симпатизировать","чувства и характер"
"συμπαθητικός; συμπαθητική; συμπαθητικό","симбатитикОс; симбатитикИ; симбатитикО","симпатичный, приятный (о человеке)","прилагательные"
"συμφωνώ","симфонО","соглашаться","глаголы"
"συμπληρώνω","симблирОно","заполнять, дополнять","глаголы"
"ο συμφοιτητής; η συμφοιτήτρια","о симфититИс; и симфитИтрья","сокурсник","учёба"
"ο συνάδελφος; η συνάδελφος","о синАдэлфос; и синАдэлфос","коллега","работа и профессии"
"συναντάω; συναντώ","синандАо; синандО","встречать","глаголы"
"η συνάντηση","и синАндиси","встреча","служебные слова"
"η συναυλία","и синавлИа","концерт","досуг и спорт"
"το συνεργείο","то синэрйИо","автомастерская","транспорт и путешествия"
"έχει συννεφιά","Эхи синэфьЯ","облачно","погода и природа"
"συνεχίζω","синэхИзо","продолжать","глаголы"
"η συνέντευξη","и синЭндэфкси","интервью","работа и профессии"
"παίρνω συνέντευξη","пЭрно синЭндэфкси","брать интервью","работа и профессии"
"συνέχεια","синЭхья","постоянно, всё время","служебные слова"
"η συνέχεια","и синЭхья","продолжение","служебные слова"
"στη συνέχεια","сти синЭхья","затем, после этого","служебные слова"
"η συνήθεια","и синИтья","привычка","служебные слова"
"συνηθισμένος; συνηθισμένη; συνηθισμένο","синитисмЭнос; синитисмЭни; синитисмЭно","обычный, привычный","прилагательные"
"συνήθως","синИтос","обычно","служебные слова"
"ο συνθέτης; η συνθέτης","о синтЭтис; и синтЭтис","композитор","работа и профессии"
"η συμπεριφορά","и симбэрифорА","поведение","чувства и характер"
"η συνταγή","и синдайИ","рецепт","еда и напитки"
"σύντομα","сИндома","скоро","служебные слова"
"σύντομος; σύντομη; σύντομο","сИндомос; сИндоми; сИндомо","короткий, краткий","прилагательные"
"το συρτάκι","то сиртАки","сиртаки (греческий танец)","досуг и спорт"
"το συρτάρι","то сиртАри","ящик (мебели)","дом"
"η συσκευή","и сискэвИ","устройство, прибор","служебные слова"
"συστήνω","систИно","знакомить, представлять; рекомендовать","глаголы"
"συστημένος; συστημένη; συστημένο","систимЭнос; систимЭни; систимЭно","рекомендованный","прилагательные"
"το συστημένο γράμμα","то систимЭно грАма","заказное письмо","служебные слова"
"συχνός; συχνή; συχνό","сихнОс; сихнИ; сихнО","частый","прилагательные"
"σχεδιάζω","схэдьАзо","рисовать, проектировать","глаголы"
"σφιχτός; σφιχτή; σφιχτό","сфихтОс; сфихтИ; сфихтО","тугой, плотный","прилагательные"
"το σχεδιάγραμμα","то схэдьАграма","схема, диаграмма","учёба"
"σχεδόν","схэдОн","почти","служебные слова"
"σε σχέση με","сэ схЭси мэ","по отношению к","служебные слова"
"σχετικά","схэтикА","относительно, что касается","служебные слова"
"πηγαίνω στο σχολείο","пигЭно сто схолИо","ходить в школу","учёба"
"σχολικός; σχολική; σχολικό","схоликОс; схоликИ; схоликО","школьный","учёба"
"το σώμα","то сОма","тело","тело и здоровье"
"σωστός; σωστή; σωστό","состОс; состИ; состО","правильный","прилагательные"
"σωστά","состА","правильно","служебные слова"
"η ταβέρνα","и тавЭрна","таверна","город и направления"
"το τάγκο","то тАнго","танго","досуг и спорт"
"ταιριάζω","тэрьАзо","подходить, сочетаться","глаголы"
"το ταξιδιωτικό γραφείο","то таксидьотикО графИо","туристическое агентство","транспорт и путешествия"
"η αστυνομική ταυτότητα","и астиномикИ тафтОтита","удостоверение личности","служебные слова"
"το ταψί","то тапсИ","противень","дом"
"τέλεια","тЭлья","отлично, идеально","служебные слова"
"η τελεία","и тэлИа","точка (пунктуация)","учёба"
"τέλειος; τέλεια; τέλειο","тЭльос; тЭлья; тЭльо","идеальный","прилагательные"
"τελικά","тэликА","в итоге, в конце концов","служебные слова"
"το τέλος","то тЭлос","конец","служебные слова"
"το τένις","то тЭнис","теннис","досуг и спорт"
"τεράστιος; τεράστια; τεράστιο","тэрАстьос; тэрАстья; тэрАстьо","огромный","прилагательные"
"το τέρμα λεωφορείου","то тЭрма лэофорИу","конечная остановка автобуса","транспорт и путешествия"
"τέσσερις; τέσσερα","тЭсэрис; тЭсэра","четыре","числа"
"τέτοιος; τέτοια; τέτοιο","тЭтьос; тЭтья; тЭтьо","такой","местоимения и вопросы"
"τ.μ.","т.м.","квадратный метр (сокращение)","служебные слова"
"η τέχνη","и тЭхни","искусство","учёба"
"τεχνολογικός; τεχνολογική; τεχνολογικό","тэхнолойикОс; тэхнолойикИ; тэхнолойикО","технологический","прилагательные"
"η τζαζ","и дзаз","джаз","досуг и спорт"
"το τζάκι","то дзАки","камин","дом"
"το τζάμι","то дзАми","оконное стекло","дом"
"το τηγάνι","то тигАни","сковорода","дом"
"η τηλεόραση","и тилэОраси","телевизор","дом"
"στην τηλεόραση","стин тилэОраси","по телевизору","дом"
"το τηλεφώνημα","то тилэфОнима","телефонный звонок","служебные слова"
"το τηλέφωνο","то тилЭфоно","телефон","служебные слова"
"τηλεφωνώ; παίρνω τηλέφωνο","тилэфонО; пЭрно тилЭфоно","звонить по телефону","глаголы"
"το αστυνομικό τμήμα","то астиномикО тмИма","полицейский участок","город и направления"
"ο τόνος","о тОнос","знак ударения","учёба"
"τονισμένος; τονισμένη; τονισμένο","тонисмЭнос; тонисмЭни; тонисмЭно","ударный (о слоге)","учёба"
"ο τόπος","о тОпос","место, местность","город и направления"
"η τοποθεσία","и топотэсИа","местоположение","город и направления"
"τόσος; τόση; τόσο","тОсос; тОси; тОсо","столько, такое количество","служебные слова"
"τουλάχιστον","тулАхистон","по крайней мере","служебные слова"
"ο τουρίστας; η τουρίστρια","о турИстас; и турИстрья","турист","транспорт и путешествия"
"τουριστικός; τουριστική; τουριστικό","туристикОс; туристикИ; туристикО","туристический","прилагательные"
"η τούρτα","и тУрта","торт","еда и напитки"
"ο τραγουδιστής; η τραγουδίστρια","о трагудистИс; и трагудИстрья","певец","работа и профессии"
"το τραπεζομάντιλο","то трапэзомАндило","скатерть","дом"
"τρεις; τρία","трис; трИа","три","числа"
"το τρέξιμο","то трЭксимо","бег","досуг и спорт"
"πηγαίνω για τρέξιμο","пигЭно я трЭксимо","ходить бегать","досуг и спорт"
"τρίβω","трИво","тереть","глаголы"
"ο τρόπος","о трОпос","способ, манера","служебные слова"
"η τροφή","и трофИ","пища, еда","еда и напитки"
"τρυφερός; τρυφερή; τρυφερό","трифэрОс; трифэрИ; трифэрО","нежный","чувства и характер"
"η τσάντα","и цАнда","сумка","одежда"
"ο τύπος","о тИпос","тип, вид","служебные слова"
"τυχερός; τυχερή; τυχερό","тихэрОс; тихэрИ; тихэрО","везучий","чувства и характер"
"η υγεία","и ийИа","здоровье","тело и здоровье"
"ο υδράργυρος","о идрАрйирос","ртуть","служебные слова"
"το υλικό","то иликО","материал","служебные слова"
"το υλικό","то иликО","ингредиент","еда и напитки"
"υπάρχει","ипАрхи","имеется, есть","служебные слова"
"υπάρχω","ипАрхо","существовать","глаголы"
"υπέροχος; υπέροχη; υπέροχο","ипЭрохос; ипЭрохи; ипЭрохо","великолепный, чудесный","прилагательные"
"η υπερωρία","и ипэрорИа","сверхурочная работа","работа и профессии"
"υπεύθυνος; υπεύθυνη; υπεύθυνο","ипЭфтинос; ипЭфтини; ипЭфтино","ответственный","прилагательные"
"το υπνοδωμάτιο","то ипнодомАтьо","спальня","дом"
"η υπηρεσία","и ипирэсИа","служба, услуга","служебные слова"
"υπογραμμίζω","ипограмИзо","подчёркивать","глаголы"
"ο υπολογιστής","о иполойистИс","компьютер","служебные слова"
"υπόλοιπος; υπόλοιπη; υπόλοιπο","ипОлипос; ипОлипи; ипОлипо","оставшийся","прилагательные"
"ο ύπνος","о Ипнос","сон","тело и здоровье"
"υποχρεωτικός; υποχρεωτική; υποχρεωτικό","ипохрэотикОс; ипохрэотикИ; ипохрэотикО","обязательный","прилагательные"
"ο υποψήφιος; η υποψήφια","о ипопсИфьос; и ипопсИфья","кандидат","работа и профессии"
"ύστερα","Истэра","потом, затем","служебные слова"
"το ύφασμα","то Ифасма","ткань","одежда"
"υψηλή θερμοκρασία","ипсилИ тэрмокрасИа","высокая температура","тело и здоровье"
"το φαγητό","то файитО","еда, блюдо","еда и напитки"
"φαίνομαι","фЭномэ","казаться, выглядеть","глаголы"
"μου φαίνεται","му фЭнэтэ","мне кажется","служебные слова"
"ο φάκελος","о фАкэлос","конверт, папка","служебные слова"
"η φακή","и факИ","чечевица","еда и напитки"
"φανταστικά","фандастикА","потрясающе, изумительно","служебные слова"
"ο φαρμακοποιός; η φαρμακοποιός","о фармакопьОс; и фармакопьОс","фармацевт","работа и профессии"
"η φασαρία","и фасарИа","суета, шум","служебные слова"
"το φασόλι","то фасОли","фасоль","еда и напитки"
"το φέιγ βολάν","то фэиг волАн","листовка, буклет","служебные слова"
"φέρνω","фЭрно","приносить","глаголы"
"το φεστιβάλ","то фэстивАл","фестиваль","досуг и спорт"
"φέτος","фЭтос","в этом году","время"
"φετινός; φετινή; φετινό","фэтинОс; фэтинИ; фэтинО","этого года, нынешний","прилагательные"
"φιλάω; φιλώ","филАо; филО","целовать","глаголы"
"το φιλί","то филИ","поцелуй","чувства и характер"
"φιλικός; φιλική; φιλικό","филикОс; филикИ; филикО","дружелюбный","прилагательные"
"η φιλολογία","и филолойИа","филология, литература","учёба"
"φιλοξενώ","филоксэнО","принимать (гостей), оказывать гостеприимство","глаголы"
"το φλιτζάνι","то флидзАни","чашка","дом"
"η φοιτητική εστία","и фититикИ эстИа","студенческое общежитие","учёба"
"φοιτώ","фитО","учиться, быть студентом","учёба"
"η φορά","и форА","раз (кратность)","служебные слова"
"μία φορά","мИа форА","один раз","служебные слова"
"η φόρμα","и фОрма","спортивный костюм","одежда"
"το φουντούκι","то фундУки","фундук","еда и напитки"
"το φουστάνι","то фустАни","платье","одежда"
"η φράση","и фрАси","фраза","учёба"
"φροντίζω","фрондИзо","заботиться","глаголы"
"η φροντίδα","и фрондИда","забота","служебные слова"
"το φρούτο","то фрУто","фрукт","еда и напитки"
"το φτερό","то фтэрО","перо, крыло","животные"
"φτιάχνω","фтьАхно","чинить, делать","глаголы"
"το φυλλάδιο","то филАдьо","брошюра, буклет","служебные слова"
"το φύλλο","то фИло","лист","погода и природа"
"το φυσικό αέριο","то фисикО аЭрьо","природный газ","дом"
"το φυτό","то фитО","растение","погода и природа"
"φυτεύω","фитЭво","сажать (растения)","глаголы"
"φυσάω; φυσώ","фисАо; фисО","дуть","глаголы"
"η φύση","и фИси","природа","погода и природа"
"φυσικά","фисикА","конечно, естественно","служебные слова"
"η φωτιά","и фотьЯ","огонь","служебные слова"
"φωτίζω","фотИзо","освещать","глаголы"
"το φωτιστικό","то фотистикО","светильник","дом"
"ο φωτογράφος; η φωτογράφος","о фотогрАфос; и фотогрАфос","фотограф","работа и профессии"
"η φωτογραφία","и фотографИа","фотография","служебные слова"
"το χάδι","то хАди","ласка, прикосновение","чувства и характер"
"χαιρετάω; χαιρετώ","хэрэтАо; хэрэтО","здороваться","глаголы"
"χαίρετε","хЭрэтэ","здравствуйте (формальное)","приветствия"
"ο χαιρετισμός","о хэрэтисмОс","приветствие","приветствия"
"το χαλί","то халИ","ковёр","дом"
"χαλάω; χαλώ","халАо; халО","ломаться, портиться","глаголы"
"χαμηλός; χαμηλή; χαμηλό","хамилОс; хамилИ; хамилО","низкий","прилагательные"
"το χαμάμ","то хамАм","турецкая баня, хаммам","город и направления"
"το χαμόγελο","то хамОйэло","улыбка","чувства и характер"
"το χαμομήλι","то хамомИли","ромашка (чай)","еда и напитки"
"το χάπι","то хАпи","таблетка","тело и здоровье"
"η χαρά","и харА","радость","чувства и характер"
"ο χάρακας","о хАракас","линейка (для черчения)","учёба"
"ο χαρακτήρας","о характИрас","характер, персонаж","чувства и характер"
"χαρίζω","харИзо","дарить","глаголы"
"ο χάρτης","о хАртис","карта (географическая)","город и направления"
"η χαρτοπετσέτα","и хартопэцЭта","бумажная салфетка","дом"
"το χιλιόμετρο","то хильОмэтро","километр","транспорт и путешествия"
"χιονίζει","хьонИзи","идёт снег","погода и природа"
"χλιαρός; χλιαρή; χλιαρό","хльарОс; хльарИ; хльарО","тёплый, чуть тёплый","прилагательные"
"το χολ","то хол","прихожая, коридор","дом"
"χοντρός; χοντρή; χοντρό","хондрОс; хондрИ; хондрО","толстый","прилагательные"
"ο χορευτής; η χορεύτρια","о хорэфтИс; и хорЭфтрья","танцор","работа и профессии"
"τα χρήματα","та хрИмата","деньги","покупки и деньги"
"χρησιμοποιώ","хрисимопьО","использовать","глаголы"
"η χρήση","и хрИси","использование","служебные слова"
"Χριστός Ανέστη!","христОс анЭсти!","Христос воскрес!","приветствия"
"χριστουγεννιάτικος; χριστουγεννιάτικη; χριστουγεννιάτικο","христуйэньАтикос; христуйэньАтики; христуйэньАтико","рождественский","прилагательные"
"ο χρόνος","о хрОнос","время","время"
"ο χρόνος; τα χρόνια","о хрОнос; та хрОнья","год, годы","время"
"η χρονιά","и хроньЯ","год (период)","время"
"Χρόνια πολλά!","хрОнья полА!","С Рождеством!","приветствия"
"Χρόνια πολλά!","хрОнья полА!","С днём рождения!","приветствия"
"το χρώμα","то хрОма","цвет","цвета"
"χρωματιστός; χρωματιστή; χρωματιστό","хроматистОс; хроматистИ; хроматистО","цветной","цвета"
"χτες; χθες","хтэс; хтэс","вчера","время"
"χτυπάω; χτυπώ","хтипАо; хтипО","получить травму, ушибиться","тело и здоровье"
"χτυπάει το τηλέφωνο","хтипАи то тилЭфоно","звонит телефон","служебные слова"
"η χώρα","и хОра","страна","город и направления"
"ο χώρος","о хОрос","пространство, помещение","служебные слова"
"ψάχνω","псАхно","искать","глаголы"
"το ψέμα","то псЭма","ложь","служебные слова"
"λέω ψέματα","лЭо псЭмата","врать","служебные слова"
"ψητός; ψητή; ψητό","пситОс; пситИ; пситО","жареный, запечённый","еда и напитки"
"ψιχαλίζει","психалИзи","моросит","погода и природа"
"τα ψώνια","та псОнья","покупки","покупки и деньги"
"ψωνίζω","псонИзо","делать покупки","глаголы"
"το ωδείο","то одИо","консерватория","учёба"
"η ώρα είναι τέσσερις","и Ора Инэ тЭсэрис","сейчас четыре часа","время"
"η ώρα είναι τεσσερισήμισι","и Ора Инэ тэсэрисИмиси","сейчас половина пятого","время"
"ωραίος; ωραία; ωραίο","орЭос; орЭа; орЭо","красивый, приятный","прилагательные"
"ωραία","орЭа","красиво, хорошо","служебные слова"
"το ωράριο","то орАрьо","расписание, график работы","работа и профессии"
"ως","ос","до, вплоть до","служебные слова"
"ώστε","Остэ","так что, чтобы","служебные слова"
"ωστόσο","остОсо","тем не менее, однако","служебные слова"
"η Αγγλία","и англИа","Англия","город и направления"
"ο Άγγλος; η Αγγλίδα","о Англос; и англИда","англичанин, англичанка","город и направления"
"η Αθήνα","и атИна","Афины","город и направления"
"το Βερολίνο","то вэролИно","Берлин","город и направления"
"η Βουλγαρία","и вулгарИа","Болгария","город и направления"
"η Γαλλία","и галИа","Франция","город и направления"
"ο Γάλλος; η Γαλλίδα","о гАлос; и галИда","француз, француженка","город и направления"
"ο Γερμανός; η Γερμανίδα","о йэрманОс; и йэрманИда","немец, немка","город и направления"
"η Δράμα","и дрАма","Драма (город в Греции)","город и направления"
"η Ελλάδα","и элАда","Греция","город и направления"
"ο Έλληνας; η Ελληνίδα","о Элинас; и элинИда","грек, гречанка","город и направления"
"Καλή επιτυχία!","калИ эпитихИа!","Удачи!","приветствия"
"ο Ευρωπαίος; η Ευρωπαία","о эвропЭос; и эвропЭа","европеец, европейка","город и направления"
"η Ευρώπη","и эврОпи","Европа","город и направления"
"η Ζυρίχη","и зирИхи","Цюрих","город и направления"
"η Καβάλα","и кавАла","Кавала (город в Греции)","город и направления"
"Καλό Πάσχα!","калО пАсха!","Счастливой Пасхи!","приветствия"
"Καλή Ανάσταση!","калИ анАстаси!","Со светлым Воскресением!","приветствия"
"η Κέρκυρα","и кЭркира","Керкира, Корфу","город и направления"
"η Κομοτηνή","и комотинИ","Комотини (город в Греции)","город и направления"
"η Κρήτη","и крИти","Крит","город и направления"
"η Λάρισα","и лАриса","Лариса (город в Греции)","город и направления"
"το Λονδίνο","то лондИно","Лондон","город и направления"
"το Λύκειο","то лИкьо","лицей (старшая школа)","учёба"
"Σας παρακαλώ!","сас паракалО!","Пожалуйста! (вежливая форма, на ""вы"")","приветствия"
"το Πάσχα","то пАсха","Пасха","время"
"η Τουρκία","и туркИа","Турция","город и направления"
"η Τρίπολη","и трИполи","Триполи (город в Греции)","город и направления"
"η Τροχαία","и трохЭа","дорожная полиция","работа и профессии"
"τα Χριστούγεννα","та христУйэна","Рождество","время"
"η αγγλική γλώσσα","и англикИ глОса","английский язык","учёба"
"αδύνατος; αδύνατη; αδύνατο","адИнатос; адИнати; адИнато","худой, тонкий","прилагательные"
"το ΑΕΙ (Ανώτατο Εκπαιδευτικό Ίδρυμα)","аИ","высшее учебное заведение","учёба"
"η ασχολία","и асхолИа","занятие, хобби","досуг и спорт"
"το ΤΕΙ (Τεχνολογικό Εκπαιδευτικό Ίδρυμα)","тИ","технологический институт","учёба"
"η Γερμανία","и йэрманИа","Германия","город и направления"
"η γερμανική γλώσσα","и йэрманикИ глОса","немецкий язык","учёба"
"δικός μου; δικός σου; δικός του; δικός της; δικός μας; δικός σας; δικός τους","дикОс му; дикОс су; дикОс ту; дикОс тис; дикОс мас; дикОс сас; дикОс тус","мой/твой/его/её/наш/ваш/их (собственный, отдельно от существительного)","местоимения и вопросы"
"κλεισμένος; κλεισμένη; κλεισμένο","клисмЭнос; клисмЭни; клисмЭно","закрытый, забронированный","прилагательные"
"κλειστός; κλειστή; κλειστό","клистОс; клистИ; клистО","закрытый (о глазах, окнах)","прилагательные"
"το λάθος","то лАтос","ошибка","служебные слова"
"λάθος","лАтос","неправильный, неверный","прилагательные"
"λειτουργώ","литургО","функционировать, работать (о технике); быть открытым (об учреждении)","глаголы"
"ο ξένος; η ξένη","о ксЭнос; и ксЭни","незнакомец, чужой человек","семья и люди"
"η ποίηση","и пИиси","поэзия","учёба"
"σίγουρα","сИгура","точно, определённо, конечно","служебные слова"
"το σινεμά","то синэмА","кино (разговорное)","досуг и спорт"
